id;date;heure_debut;heure_fin
1;2022-12-05;2022-12-05T14:31:41;2022-12-05T00:13:12
2;2022-12-05;2022-12-05T00:05:32;2022-12-05T09:56:24
3;2022-12-05;2022-12-04T19:06:56;2022-12-05T07:26:58
4;2022-12-05;2022-12-05T14:19:24;2022-12-05T12:12:58
5;2022-12-04;2022-12-05T06:57:45;2022-12-04T21:54:02
6;2022-12-05;2022-12-04T18:49:19;2022-12-05T11:20:59
7;2022-12-05;2022-12-05T07:24:28;2022-12-04T20:02:21
8;2022-12-05;2022-12-04T22:24:45;2022-12-04T23:49:36
9;2022-12-05;2022-12-04T20:13:37;2022-12-05T03:09:52
10;2022-12-04;2022-12-04T19:49:45;2022-12-05T16:20:36
